[
  {
    "rank": 1,
    "original": "Kentucky, USA",
    "cleaned": "Kentucky, USA",
    "count": 9,
    "is_junk": false,
    "zipcode": null,
    "geocoded": false,
    "type": "geocoded_insufficient"
  },
  {
    "rank": 2,
    "original": "Rochester, NY",
    "cleaned": "Rochester, NY",
    "count": 9,
    "is_junk": false,
    "zipcode": null,
    "standardized": "City of Rochester, NY",
    "geocoded": true,
    "type": "geocoded_us"
  },
  {
    "rank": 3,
    "original": "New York",
    "cleaned": "New York",
    "count": 7,
    "is_junk": false,
    "zipcode": null,
    "standardized": "New York, NY",
    "geocoded": true,
    "type": "geocoded_us"
  },
  {
    "rank": 4,
    "original": "United States",
    "cleaned": "United States",
    "count": 6,
    "is_junk": false,
    "zipcode": null,
    "geocoded": false,
    "type": "geocoded_insufficient"
  },
  {
    "rank": 5,
    "original": "Hastings, Kearney, & GI, NE",
    "cleaned": "Hastings, Kearney, & GI, NE",
    "count": 6,
    "is_junk": false,
    "zipcode": null,
    "geocoded": false,
    "type": "geocoding_failed"
  },
  {
    "rank": 6,
    "original": "Florida, USA",
    "cleaned": "Florida, USA",
    "count": 5,
    "is_junk": false,
    "zipcode": null,
    "geocoded": false,
    "type": "geocoded_insufficient"
  },
  {
    "rank": 7,
    "original": "New York, USA",
    "cleaned": "New York, USA",
    "count": 5,
    "is_junk": false,
    "zipcode": null,
    "standardized": "New York, NY",
    "geocoded": true,
    "type": "geocoded_us"
  },
  {
    "rank": 8,
    "original": "Louisville, KY",
    "cleaned": "Louisville, KY",
    "count": 5,
    "is_junk": false,
    "zipcode": null,
    "standardized": "Louisville, KY",
    "geocoded": true,
    "type": "geocoded_us"
  },
  {
    "rank": 9,
    "original": "Ohio, USA",
    "cleaned": "Ohio, USA",
    "count": 5,
    "is_junk": false,
    "zipcode": null,
    "geocoded": false,
    "type": "geocoded_insufficient"
  },
  {
    "rank": 10,
    "original": "New York, NY",
    "cleaned": "New York, NY",
    "count": 4,
    "is_junk": false,
    "zipcode": null,
    "standardized": "New York, NY",
    "geocoded": true,
    "type": "geocoded_us"
  },
  {
    "rank": 11,
    "original": "Tampa, FL",
    "cleaned": "Tampa, FL",
    "count": 4,
    "is_junk": false,
    "zipcode": null,
    "standardized": "Tampa, FL",
    "geocoded": true,
    "type": "geocoded_us"
  },
  {
    "rank": 12,
    "original": "Los Angeles",
    "cleaned": "Los Angeles",
    "count": 3,
    "is_junk": false,
    "zipcode": null,
    "standardized": "Los Angeles, CA",
    "geocoded": true,
    "type": "geocoded_us"
  },
  {
    "rank": 13,
    "original": "716",
    "cleaned": "716",
    "count": 3,
    "is_junk": true,
    "zipcode": null
  },
  {
    "rank": 14,
    "original": "New Jersey, USA",
    "cleaned": "New Jersey, USA",
    "count": 3,
    "is_junk": false,
    "zipcode": null,
    "geocoded": false,
    "type": "geocoded_insufficient"
  },
  {
    "rank": 15,
    "original": "Lexington, KY",
    "cleaned": "Lexington, KY",
    "count": 3,
    "is_junk": false,
    "zipcode": null,
    "standardized": "Lexington, KY",
    "geocoded": true,
    "type": "geocoded_us"
  },
  {
    "rank": 16,
    "original": "Kenmore, NY",
    "cleaned": "Kenmore, NY",
    "count": 2,
    "is_junk": false,
    "zipcode": null,
    "standardized": "Village of Kenmore, NY",
    "geocoded": true,
    "type": "geocoded_us"
  },
  {
    "rank": 17,
    "original": "Neptune, NJ",
    "cleaned": "Neptune, NJ",
    "count": 2,
    "is_junk": false,
    "zipcode": null,
    "standardized": "Upper Township, NJ",
    "geocoded": true,
    "type": "geocoded_us"
  },
  {
    "rank": 18,
    "original": "Washington, D.C.",
    "cleaned": "Washington, D.C.",
    "count": 2,
    "is_junk": false,
    "zipcode": null,
    "standardized": "Washington, DC",
    "geocoded": true,
    "type": "geocoded_us"
  },
  {
    "rank": 19,
    "original": "Rochester NY",
    "cleaned": "Rochester NY",
    "count": 2,
    "is_junk": false,
    "zipcode": null,
    "standardized": "City of Rochester, NY",
    "geocoded": true,
    "type": "geocoded_us"
  },
  {
    "rank": 20,
    "original": "WNY",
    "cleaned": "WNY",
    "count": 2,
    "is_junk": false,
    "zipcode": null,
    "standardized": "Κυνοπιάστες, Ελλάς",
    "geocoded": true,
    "type": "geocoded_international"
  },
  {
    "rank": 21,
    "original": "PA",
    "cleaned": "PA",
    "count": 2,
    "is_junk": false,
    "zipcode": null,
    "geocoded": false,
    "type": "geocoded_insufficient"
  },
  {
    "rank": 22,
    "original": "Brockport, NY",
    "cleaned": "Brockport, NY",
    "count": 2,
    "is_junk": false,
    "zipcode": null,
    "standardized": "Village of Brockport, NY",
    "geocoded": true,
    "type": "geocoded_us"
  },
  {
    "rank": 23,
    "original": "Boston, MA",
    "cleaned": "Boston, MA",
    "count": 2,
    "is_junk": false,
    "zipcode": null,
    "standardized": "Boston, MA",
    "geocoded": true,
    "type": "geocoded_us"
  },
  {
    "rank": 24,
    "original": "Brooklyn, NY",
    "cleaned": "Brooklyn, NY",
    "count": 2,
    "is_junk": false,
    "zipcode": null,
    "standardized": "New York, NY",
    "geocoded": true,
    "type": "geocoded_us"
  },
  {
    "rank": 25,
    "original": "Charlotte, NC",
    "cleaned": "Charlotte, NC",
    "count": 2,
    "is_junk": false,
    "zipcode": null,
    "standardized": "Charlotte, NC",
    "geocoded": true,
    "type": "geocoded_us"
  },
  {
    "rank": 26,
    "original": "Queens, NY",
    "cleaned": "Queens, NY",
    "count": 2,
    "is_junk": false,
    "zipcode": null,
    "standardized": "New York, NY",
    "geocoded": true,
    "type": "geocoded_us"
  },
  {
    "rank": 27,
    "original": "Florida",
    "cleaned": "Florida",
    "count": 2,
    "is_junk": false,
    "zipcode": null,
    "geocoded": false,
    "type": "geocoded_insufficient"
  },
  {
    "rank": 28,
    "original": "Houston, TX",
    "cleaned": "Houston, TX",
    "count": 2,
    "is_junk": false,
    "zipcode": null,
    "standardized": "Houston, TX",
    "geocoded": true,
    "type": "geocoded_us"
  },
  {
    "rank": 29,
    "original": "San Diego, CA",
    "cleaned": "San Diego, CA",
    "count": 2,
    "is_junk": false,
    "zipcode": null,
    "standardized": "San Diego, CA",
    "geocoded": true,
    "type": "geocoded_us"
  },
  {
    "rank": 30,
    "original": "Amherst, NY",
    "cleaned": "Amherst, NY",
    "count": 2,
    "is_junk": false,
    "zipcode": null,
    "standardized": "Town of Amherst, NY",
    "geocoded": true,
    "type": "geocoded_us"
  },
  {
    "rank": 31,
    "original": "Earth",
    "cleaned": "Earth",
    "count": 2,
    "is_junk": false,
    "zipcode": null,
    "standardized": "Earth, TX",
    "geocoded": true,
    "type": "geocoded_us"
  },
  {
    "rank": 32,
    "original": "Washington, DC",
    "cleaned": "Washington, DC",
    "count": 2,
    "is_junk": false,
    "zipcode": null,
    "standardized": "Washington, DC",
    "geocoded": true,
    "type": "geocoded_us"
  },
  {
    "rank": 33,
    "original": "NY",
    "cleaned": "NY",
    "count": 2,
    "is_junk": false,
    "zipcode": null,
    "geocoded": false,
    "type": "geocoded_insufficient"
  },
  {
    "rank": 34,
    "original": "Perth WA Australia",
    "cleaned": "Perth WA Australia",
    "count": 2,
    "is_junk": false,
    "zipcode": null,
    "standardized": "Perth, Australia",
    "geocoded": true,
    "type": "geocoded_international"
  },
  {
    "rank": 35,
    "original": "E2W",
    "cleaned": "E2W",
    "count": 1,
    "is_junk": false,
    "zipcode": null,
    "standardized": "Center Point",
    "geocoded": true,
    "type": "geocoded_us"
  },
  {
    "rank": 36,
    "original": "Barbados",
    "cleaned": "Barbados",
    "count": 1,
    "is_junk": false,
    "zipcode": null,
    "geocoded": false,
    "type": "geocoded_insufficient"
  },
  {
    "rank": 37,
    "original": "Nonlocality",
    "cleaned": "Nonlocality",
    "count": 1,
    "is_junk": false,
    "zipcode": null,
    "geocoded": false,
    "type": "geocoding_failed"
  },
  {
    "rank": 38,
    "original": "USA, Germany, Okinawa ",
    "cleaned": "USA, Germany, Okinawa",
    "count": 1,
    "is_junk": false,
    "zipcode": null,
    "geocoded": false,
    "type": "geocoding_failed"
  },
  {
    "rank": 39,
    "original": "Greater Los Angeles",
    "cleaned": "Greater Los Angeles",
    "count": 1,
    "is_junk": false,
    "zipcode": null,
    "standardized": "Los Angeles, CA",
    "geocoded": true,
    "type": "geocoded_us"
  },
  {
    "rank": 40,
    "original": "Mid-South",
    "cleaned": "Mid-South",
    "count": 1,
    "is_junk": false,
    "zipcode": null,
    "standardized": "Middle Township, NJ",
    "geocoded": true,
    "type": "geocoded_us"
  },
  {
    "rank": 41,
    "original": "United States of Dumbassery",
    "cleaned": "United States of Dumbassery",
    "count": 1,
    "is_junk": true,
    "zipcode": null
  },
  {
    "rank": 42,
    "original": "Albany NY, USA",
    "cleaned": "Albany NY, USA",
    "count": 1,
    "is_junk": false,
    "zipcode": null,
    "standardized": "Town of Guilderland, NY",
    "geocoded": true,
    "type": "geocoded_us"
  },
  {
    "rank": 43,
    "original": "Tonawanda, NY",
    "cleaned": "Tonawanda, NY",
    "count": 1,
    "is_junk": false,
    "zipcode": null,
    "standardized": "City of Tonawanda, NY",
    "geocoded": true,
    "type": "geocoded_us"
  },
  {
    "rank": 44,
    "original": "Manhattan, NYC",
    "cleaned": "Manhattan, NYC",
    "count": 1,
    "is_junk": false,
    "zipcode": null,
    "standardized": "New York, NY",
    "geocoded": true,
    "type": "geocoded_us"
  },
  {
    "rank": 45,
    "original": "New York State ",
    "cleaned": "New York State",
    "count": 1,
    "is_junk": false,
    "zipcode": null,
    "geocoded": false,
    "type": "geocoded_insufficient"
  },
  {
    "rank": 46,
    "original": "Kennett Square, PA",
    "cleaned": "Kennett Square, PA",
    "count": 1,
    "is_junk": false,
    "zipcode": null,
    "standardized": "Kennett Square, PA",
    "geocoded": true,
    "type": "geocoded_us"
  },
  {
    "rank": 47,
    "original": "Everywhere ",
    "cleaned": "Everywhere",
    "count": 1,
    "is_junk": true,
    "zipcode": null
  },
  {
    "rank": 48,
    "original": "Calabash, NC",
    "cleaned": "Calabash, NC",
    "count": 1,
    "is_junk": false,
    "zipcode": null,
    "standardized": "Calabash, NC",
    "geocoded": true,
    "type": "geocoded_us"
  },
  {
    "rank": 49,
    "original": "Cleveland, OH",
    "cleaned": "Cleveland, OH",
    "count": 1,
    "is_junk": false,
    "zipcode": null,
    "standardized": "Cleveland, OH",
    "geocoded": true,
    "type": "geocoded_us"
  },
  {
    "rank": 50,
    "original": "Lancaster, NY",
    "cleaned": "Lancaster, NY",
    "count": 1,
    "is_junk": false,
    "zipcode": null,
    "standardized": "Town of Lancaster, NY",
    "geocoded": true,
    "type": "geocoded_us"
  },
  {
    "rank": 51,
    "original": "East Harlem, Manhattan, NYC",
    "cleaned": "East Harlem, Manhattan, NYC",
    "count": 1,
    "is_junk": false,
    "zipcode": null,
    "standardized": "New York, NY",
    "geocoded": true,
    "type": "geocoded_us"
  },
  {
    "rank": 52,
    "original": "NYC",
    "cleaned": "NYC",
    "count": 1,
    "is_junk": false,
    "zipcode": null,
    "standardized": "New York, NY",
    "geocoded": true,
    "type": "geocoded_us"
  },
  {
    "rank": 53,
    "original": "Prague / Minsk",
    "cleaned": "Prague / Minsk",
    "count": 1,
    "is_junk": false,
    "zipcode": null,
    "standardized": "Мінск, Беларусь",
    "geocoded": true,
    "type": "geocoded_international"
  },
  {
    "rank": 54,
    "original": "🇺🇸 🇺🇸 🇺🇸",
    "cleaned": "",
    "count": 1,
    "is_junk": true,
    "zipcode": null
  },
  {
    "rank": 55,
    "original": "18",
    "cleaned": "18",
    "count": 1,
    "is_junk": true,
    "zipcode": null
  },
  {
    "rank": 56,
    "original": "Pittsburg, KS",
    "cleaned": "Pittsburg, KS",
    "count": 1,
    "is_junk": false,
    "zipcode": null,
    "standardized": "Pittsburg, KS",
    "geocoded": true,
    "type": "geocoded_us"
  },
  {
    "rank": 57,
    "original": "Lexington, Kentucky",
    "cleaned": "Lexington, Kentucky",
    "count": 1,
    "is_junk": false,
    "zipcode": null,
    "standardized": "Lexington, KY",
    "geocoded": true,
    "type": "geocoded_us"
  },
  {
    "rank": 58,
    "original": "Northwest Florida",
    "cleaned": "Northwest Florida",
    "count": 1,
    "is_junk": false,
    "zipcode": null,
    "standardized": "Hillsborough County, FL",
    "geocoded": true,
    "type": "geocoded_us"
  },
  {
    "rank": 59,
    "original": "Rancho Palos Verdes, CA",
    "cleaned": "Rancho Palos Verdes, CA",
    "count": 1,
    "is_junk": false,
    "zipcode": null,
    "standardized": "Rancho Palos Verdes, CA",
    "geocoded": true,
    "type": "geocoded_us"
  },
  {
    "rank": 60,
    "original": "Vestal, N.Y.",
    "cleaned": "Vestal, N.Y.",
    "count": 1,
    "is_junk": false,
    "zipcode": null,
    "standardized": "Town of Vestal, NY",
    "geocoded": true,
    "type": "geocoded_us"
  },
  {
    "rank": 61,
    "original": "Adirondacks",
    "cleaned": "Adirondacks",
    "count": 1,
    "is_junk": false,
    "zipcode": null,
    "standardized": "Village of Woodbury, NY",
    "geocoded": true,
    "type": "geocoded_us"
  },
  {
    "rank": 62,
    "original": "Not Your Concern",
    "cleaned": "Not Your Concern",
    "count": 1,
    "is_junk": false,
    "zipcode": null,
    "geocoded": false,
    "type": "geocoding_failed"
  },
  {
    "rank": 63,
    "original": "🇺🇸🇺🇸🇺🇸TEXAS🇺🇸🇺🇸🇺🇸",
    "cleaned": "TEXAS",
    "count": 1,
    "is_junk": false,
    "zipcode": null,
    "geocoded": false,
    "type": "geocoded_insufficient"
  },
  {
    "rank": 64,
    "original": "San Francisco, California",
    "cleaned": "San Francisco, California",
    "count": 1,
    "is_junk": false,
    "zipcode": null,
    "standardized": "San Francisco, CA",
    "geocoded": true,
    "type": "geocoded_us"
  },
  {
    "rank": 65,
    "original": "The Woodlands, TX U.S.A",
    "cleaned": "The Woodlands, TX U.S.A",
    "count": 1,
    "is_junk": false,
    "zipcode": null,
    "geocoded": false,
    "type": "geocoding_failed"
  },
  {
    "rank": 66,
    "original": "Phoenix, AZ",
    "cleaned": "Phoenix, AZ",
    "count": 1,
    "is_junk": false,
    "zipcode": null,
    "standardized": "Phoenix, AZ",
    "geocoded": true,
    "type": "geocoded_us"
  },
  {
    "rank": 67,
    "original": "Edina, MN",
    "cleaned": "Edina, MN",
    "count": 1,
    "is_junk": false,
    "zipcode": null,
    "standardized": "Edina, MN",
    "geocoded": true,
    "type": "geocoded_us"
  },
  {
    "rank": 68,
    "original": "Lewes, Delaware, USA",
    "cleaned": "Lewes, Delaware, USA",
    "count": 1,
    "is_junk": false,
    "zipcode": null,
    "standardized": "Lewes, DE",
    "geocoded": true,
    "type": "geocoded_us"
  },
  {
    "rank": 69,
    "original": "Okeechobee, FL",
    "cleaned": "Okeechobee, FL",
    "count": 1,
    "is_junk": false,
    "zipcode": null,
    "standardized": "Okeechobee County, FL",
    "geocoded": true,
    "type": "geocoded_us"
  },
  {
    "rank": 70,
    "original": "Living in Tokyo (東京都八王子市)",
    "cleaned": "Living in Tokyo ()",
    "count": 1,
    "is_junk": false,
    "zipcode": null,
    "standardized": "中央区, 日本",
    "geocoded": true,
    "type": "geocoded_international"
  },
  {
    "rank": 71,
    "original": "Niagara U & St.Bona’s Alum",
    "cleaned": "Niagara U & St.Bona’s Alum",
    "count": 1,
    "is_junk": false,
    "zipcode": null,
    "geocoded": false,
    "type": "geocoding_failed"
  },
  {
    "rank": 72,
    "original": "Toronto Ontario ",
    "cleaned": "Toronto Ontario",
    "count": 1,
    "is_junk": false,
    "zipcode": null,
    "standardized": "Toronto, Canada",
    "geocoded": true,
    "type": "geocoded_international"
  },
  {
    "rank": 73,
    "original": "Middletown,NY, USA",
    "cleaned": "Middletown,NY, USA",
    "count": 1,
    "is_junk": false,
    "zipcode": null,
    "standardized": "New York, NY",
    "geocoded": true,
    "type": "geocoded_us"
  },
  {
    "rank": 74,
    "original": "St. Louis, Missouri",
    "cleaned": "St. Louis, Missouri",
    "count": 1,
    "is_junk": false,
    "zipcode": null,
    "standardized": "Saint Louis, MO",
    "geocoded": true,
    "type": "geocoded_us"
  },
  {
    "rank": 75,
    "original": "Hampton Roads ",
    "cleaned": "Hampton Roads",
    "count": 1,
    "is_junk": false,
    "zipcode": null,
    "standardized": "Newport News, VA",
    "geocoded": true,
    "type": "geocoded_us"
  },
  {
    "rank": 76,
    "original": "Sutton, MA",
    "cleaned": "Sutton, MA",
    "count": 1,
    "is_junk": false,
    "zipcode": null,
    "standardized": "Sutton, MA",
    "geocoded": true,
    "type": "geocoded_us"
  },
  {
    "rank": 77,
    "original": "District of Columbia, USA",
    "cleaned": "District of Columbia, USA",
    "count": 1,
    "is_junk": false,
    "zipcode": null,
    "standardized": "Washington, DC",
    "geocoded": true,
    "type": "geocoded_us"
  },
  {
    "rank": 78,
    "original": "Tamilnadu. Union of India",
    "cleaned": "Tamilnadu. Union of India",
    "count": 1,
    "is_junk": false,
    "zipcode": null,
    "standardized": "Chennai Corporation, India",
    "geocoded": true,
    "type": "geocoded_international"
  },
  {
    "rank": 79,
    "original": "MTY",
    "cleaned": "MTY",
    "count": 1,
    "is_junk": false,
    "zipcode": null,
    "standardized": "Apodaca, México",
    "geocoded": true,
    "type": "geocoded_international"
  },
  {
    "rank": 80,
    "original": "Livingston, NJ",
    "cleaned": "Livingston, NJ",
    "count": 1,
    "is_junk": false,
    "zipcode": null,
    "standardized": "Livingston, NJ",
    "geocoded": true,
    "type": "geocoded_us"
  },
  {
    "rank": 81,
    "original": "Farmington, NY",
    "cleaned": "Farmington, NY",
    "count": 1,
    "is_junk": false,
    "zipcode": null,
    "standardized": "Ontario County, NY",
    "geocoded": true,
    "type": "geocoded_us"
  },
  {
    "rank": 82,
    "original": "📍KY/FL",
    "cleaned": "KY/FL",
    "count": 1,
    "is_junk": false,
    "zipcode": null,
    "standardized": "Key West, FL",
    "geocoded": true,
    "type": "geocoded_us"
  },
  {
    "rank": 83,
    "original": "Georgia",
    "cleaned": "Georgia",
    "count": 1,
    "is_junk": false,
    "zipcode": null,
    "geocoded": false,
    "type": "geocoded_insufficient"
  },
  {
    "rank": 84,
    "original": "Atlanta, GA.",
    "cleaned": "Atlanta, GA.",
    "count": 1,
    "is_junk": false,
    "zipcode": null,
    "standardized": "Atlanta, GA",
    "geocoded": true,
    "type": "geocoded_us"
  },
  {
    "rank": 85,
    "original": "Bradford, PA",
    "cleaned": "Bradford, PA",
    "count": 1,
    "is_junk": false,
    "zipcode": null,
    "standardized": "Bradford County, PA",
    "geocoded": true,
    "type": "geocoded_us"
  },
  {
    "rank": 86,
    "original": "Brighton, NY",
    "cleaned": "Brighton, NY",
    "count": 1,
    "is_junk": false,
    "zipcode": null,
    "standardized": "Town of Brighton, NY",
    "geocoded": true,
    "type": "geocoded_us"
  },
  {
    "rank": 87,
    "original": "Stillwater, OK",
    "cleaned": "Stillwater, OK",
    "count": 1,
    "is_junk": false,
    "zipcode": null,
    "standardized": "Stillwater, OK",
    "geocoded": true,
    "type": "geocoded_us"
  },
  {
    "rank": 88,
    "original": "cleveland, ohio",
    "cleaned": "cleveland, ohio",
    "count": 1,
    "is_junk": false,
    "zipcode": null,
    "standardized": "Cleveland, OH",
    "geocoded": true,
    "type": "geocoded_us"
  },
  {
    "rank": 89,
    "original": "Albany, NY",
    "cleaned": "Albany, NY",
    "count": 1,
    "is_junk": false,
    "zipcode": null,
    "standardized": "City of Albany, NY",
    "geocoded": true,
    "type": "geocoded_us"
  },
  {
    "rank": 90,
    "original": "Michigan, USA",
    "cleaned": "Michigan, USA",
    "count": 1,
    "is_junk": false,
    "zipcode": null,
    "geocoded": false,
    "type": "geocoded_insufficient"
  },
  {
    "rank": 91,
    "original": "40.484052,-74.457151",
    "cleaned": "40.484052,-74.457151",
    "count": 1,
    "is_junk": false,
    "zipcode": null,
    "standardized": "New Brunswick, NJ",
    "geocoded": true,
    "type": "geocoded_us"
  },
  {
    "rank": 92,
    "original": "Santa Barbara, CA",
    "cleaned": "Santa Barbara, CA",
    "count": 1,
    "is_junk": false,
    "zipcode": null,
    "standardized": "Santa Barbara, CA",
    "geocoded": true,
    "type": "geocoded_us"
  },
  {
    "rank": 93,
    "original": "Whitby, Ontario",
    "cleaned": "Whitby, Ontario",
    "count": 1,
    "is_junk": false,
    "zipcode": null,
    "standardized": "Whitby, Canada",
    "geocoded": true,
    "type": "geocoded_international"
  },
  {
    "rank": 94,
    "original": "Henderson, NV",
    "cleaned": "Henderson, NV",
    "count": 1,
    "is_junk": false,
    "zipcode": null,
    "standardized": "Henderson, NV",
    "geocoded": true,
    "type": "geocoded_us"
  },
  {
    "rank": 95,
    "original": "NYC/PHX",
    "cleaned": "NYC/PHX",
    "count": 1,
    "is_junk": false,
    "zipcode": null,
    "geocoded": false,
    "type": "geocoding_failed"
  },
  {
    "rank": 96,
    "original": "Mansfield, PA",
    "cleaned": "Mansfield, PA",
    "count": 1,
    "is_junk": false,
    "zipcode": null,
    "standardized": "Mansfield, PA",
    "geocoded": true,
    "type": "geocoded_us"
  },
  {
    "rank": 97,
    "original": "Fairport, NY",
    "cleaned": "Fairport, NY",
    "count": 1,
    "is_junk": false,
    "zipcode": null,
    "standardized": "Village of Fairport, NY",
    "geocoded": true,
    "type": "geocoded_us"
  },
  {
    "rank": 98,
    "original": "203 Cooper Ave N Suite #350 ",
    "cleaned": "203 Cooper Ave N Suite #350",
    "count": 1,
    "is_junk": false,
    "zipcode": null,
    "geocoded": false,
    "type": "geocoding_failed"
  },
  {
    "rank": 99,
    "original": "Tallahassee,FL",
    "cleaned": "Tallahassee,FL",
    "count": 1,
    "is_junk": true,
    "zipcode": null
  },
  {
    "rank": 100,
    "original": "Highlands Ranch, CO",
    "cleaned": "Highlands Ranch, CO",
    "count": 1,
    "is_junk": false,
    "zipcode": null,
    "standardized": "Highlands Ranch, CO",
    "geocoded": true,
    "type": "geocoded_us"
  },
  {
    "rank": 101,
    "original": "Louisiana, USA",
    "cleaned": "Louisiana, USA",
    "count": 1,
    "is_junk": false,
    "zipcode": null,
    "geocoded": false,
    "type": "geocoded_insufficient"
  },
  {
    "rank": 102,
    "original": "NY-NJ",
    "cleaned": "NY-NJ",
    "count": 1,
    "is_junk": false,
    "zipcode": null,
    "standardized": "Weehawken, NJ",
    "geocoded": true,
    "type": "geocoded_us"
  },
  {
    "rank": 103,
    "original": "Panama City Beach, FL",
    "cleaned": "Panama City Beach, FL",
    "count": 1,
    "is_junk": false,
    "zipcode": null,
    "standardized": "Panama City Beach, FL",
    "geocoded": true,
    "type": "geocoded_us"
  },
  {
    "rank": 104,
    "original": "World",
    "cleaned": "World",
    "count": 1,
    "is_junk": false,
    "zipcode": null,
    "standardized": "Chambésy, Schweiz/Suisse/Svizzera/Svizra",
    "geocoded": true,
    "type": "geocoded_international"
  },
  {
    "rank": 105,
    "original": "The Earth",
    "cleaned": "The Earth",
    "count": 1,
    "is_junk": false,
    "zipcode": null,
    "geocoded": false,
    "type": "geocoded_insufficient"
  },
  {
    "rank": 106,
    "original": "Maryland, USA",
    "cleaned": "Maryland, USA",
    "count": 1,
    "is_junk": false,
    "zipcode": null,
    "geocoded": false,
    "type": "geocoded_insufficient"
  },
  {
    "rank": 107,
    "original": "Annapolis, Maryland",
    "cleaned": "Annapolis, Maryland",
    "count": 1,
    "is_junk": false,
    "zipcode": null,
    "standardized": "Annapolis, MD",
    "geocoded": true,
    "type": "geocoded_us"
  },
  {
    "rank": 108,
    "original": "International Boundary Line",
    "cleaned": "International Boundary Line",
    "count": 1,
    "is_junk": false,
    "zipcode": null,
    "standardized": "Niagara Falls, Canada",
    "geocoded": true,
    "type": "geocoded_international"
  },
  {
    "rank": 109,
    "original": "One Bills Drive",
    "cleaned": "One Bills Drive",
    "count": 1,
    "is_junk": false,
    "zipcode": null,
    "standardized": "Jacksonville, FL",
    "geocoded": true,
    "type": "geocoded_us"
  },
  {
    "rank": 110,
    "original": "Chicago, IL",
    "cleaned": "Chicago, IL",
    "count": 1,
    "is_junk": false,
    "zipcode": null,
    "standardized": "Chicago, IL",
    "geocoded": true,
    "type": "geocoded_us"
  },
  {
    "rank": 111,
    "original": "1 Bills Dr",
    "cleaned": "1 Bills Dr",
    "count": 1,
    "is_junk": false,
    "zipcode": null,
    "standardized": "Town of Orchard Park, NY",
    "geocoded": true,
    "type": "geocoded_us"
  },
  {
    "rank": 112,
    "original": "Beaufort, SC",
    "cleaned": "Beaufort, SC",
    "count": 1,
    "is_junk": false,
    "zipcode": null,
    "standardized": "Beaufort County, SC",
    "geocoded": true,
    "type": "geocoded_us"
  },
  {
    "rank": 113,
    "original": "Saint Petersburg, FL",
    "cleaned": "Saint Petersburg, FL",
    "count": 1,
    "is_junk": false,
    "zipcode": null,
    "standardized": "Saint Petersburg, FL",
    "geocoded": true,
    "type": "geocoded_us"
  },
  {
    "rank": 114,
    "original": "Minnesota, USA",
    "cleaned": "Minnesota, USA",
    "count": 1,
    "is_junk": false,
    "zipcode": null,
    "geocoded": false,
    "type": "geocoded_insufficient"
  },
  {
    "rank": 115,
    "original": "RI ➡️ CO",
    "cleaned": "RI  CO",
    "count": 1,
    "is_junk": false,
    "zipcode": null,
    "standardized": "Castelló de la Plana / Castellón de la Plana, España",
    "geocoded": true,
    "type": "geocoded_international"
  },
  {
    "rank": 116,
    "original": "Metro NYC",
    "cleaned": "Metro NYC",
    "count": 1,
    "is_junk": false,
    "zipcode": null,
    "standardized": "Manila, Philippines",
    "geocoded": true,
    "type": "geocoded_international"
  },
  {
    "rank": 117,
    "original": "Towamencin, PA",
    "cleaned": "Towamencin, PA",
    "count": 1,
    "is_junk": false,
    "zipcode": null,
    "standardized": "Towamencin Township, PA",
    "geocoded": true,
    "type": "geocoded_us"
  },
  {
    "rank": 118,
    "original": "Wisconsin",
    "cleaned": "Wisconsin",
    "count": 1,
    "is_junk": false,
    "zipcode": null,
    "geocoded": false,
    "type": "geocoded_insufficient"
  },
  {
    "rank": 119,
    "original": "Warren, MI",
    "cleaned": "Warren, MI",
    "count": 1,
    "is_junk": false,
    "zipcode": null,
    "standardized": "Warren, MI",
    "geocoded": true,
    "type": "geocoded_us"
  },
  {
    "rank": 120,
    "original": "USA",
    "cleaned": "USA",
    "count": 1,
    "is_junk": false,
    "zipcode": null,
    "geocoded": false,
    "type": "geocoded_insufficient"
  },
  {
    "rank": 121,
    "original": "CT/BOS/CHI ",
    "cleaned": "CT/BOS/CHI",
    "count": 1,
    "is_junk": false,
    "zipcode": null,
    "standardized": "Maliq, Shqipëria",
    "geocoded": true,
    "type": "geocoded_international"
  },
  {
    "rank": 122,
    "original": "BBN • Eagles • 76ers • Phils",
    "cleaned": "BBN • Eagles • 76ers • Phils",
    "count": 1,
    "is_junk": false,
    "zipcode": null,
    "geocoded": false,
    "type": "geocoding_failed"
  },
  {
    "rank": 123,
    "original": "Allentown and Hurdle Ave",
    "cleaned": "Allentown and Hurdle Ave",
    "count": 1,
    "is_junk": false,
    "zipcode": null,
    "geocoded": false,
    "type": "geocoding_failed"
  },
  {
    "rank": 124,
    "original": "Twitter",
    "cleaned": "Twitter",
    "count": 1,
    "is_junk": false,
    "zipcode": null,
    "standardized": "San Francisco, CA",
    "geocoded": true,
    "type": "geocoded_us"
  },
  {
    "rank": 125,
    "original": "Denver, CO",
    "cleaned": "Denver, CO",
    "count": 1,
    "is_junk": false,
    "zipcode": null,
    "standardized": "Denver, CO",
    "geocoded": true,
    "type": "geocoded_us"
  },
  {
    "rank": 126,
    "original": "Slidell, LA",
    "cleaned": "Slidell, LA",
    "count": 1,
    "is_junk": false,
    "zipcode": null,
    "standardized": "Slidell, LA",
    "geocoded": true,
    "type": "geocoded_us"
  },
  {
    "rank": 127,
    "original": "St Petersburg, FL",
    "cleaned": "St Petersburg, FL",
    "count": 1,
    "is_junk": false,
    "zipcode": null,
    "standardized": "Saint Petersburg, FL",
    "geocoded": true,
    "type": "geocoded_us"
  },
  {
    "rank": 128,
    "original": "Springfield, MO",
    "cleaned": "Springfield, MO",
    "count": 1,
    "is_junk": false,
    "zipcode": null,
    "standardized": "Springfield, MO",
    "geocoded": true,
    "type": "geocoded_us"
  },
  {
    "rank": 129,
    "original": "Portland, OR",
    "cleaned": "Portland, OR",
    "count": 1,
    "is_junk": false,
    "zipcode": null,
    "standardized": "Portland, OR",
    "geocoded": true,
    "type": "geocoded_us"
  },
  {
    "rank": 130,
    "original": "New York, New York",
    "cleaned": "New York, New York",
    "count": 1,
    "is_junk": false,
    "zipcode": null,
    "standardized": "New York, NY",
    "geocoded": true,
    "type": "geocoded_us"
  },
  {
    "rank": 131,
    "original": "Commie NY",
    "cleaned": "Commie NY",
    "count": 1,
    "is_junk": false,
    "zipcode": null,
    "geocoded": false,
    "type": "geocoding_failed"
  },
  {
    "rank": 132,
    "original": "London, Ontario",
    "cleaned": "London, Ontario",
    "count": 1,
    "is_junk": false,
    "zipcode": null,
    "standardized": "London, Canada",
    "geocoded": true,
    "type": "geocoded_international"
  },
  {
    "rank": 133,
    "original": " New York",
    "cleaned": "New York",
    "count": 1,
    "is_junk": false,
    "zipcode": null,
    "standardized": "New York, NY",
    "geocoded": true,
    "type": "geocoded_us"
  },
  {
    "rank": 134,
    "original": "Kansas City, MO",
    "cleaned": "Kansas City, MO",
    "count": 1,
    "is_junk": false,
    "zipcode": null,
    "standardized": "Kansas City, MO",
    "geocoded": true,
    "type": "geocoded_us"
  },
  {
    "rank": 135,
    "original": "WNY transplant in Ohio",
    "cleaned": "WNY transplant in Ohio",
    "count": 1,
    "is_junk": false,
    "zipcode": null,
    "geocoded": false,
    "type": "geocoding_failed"
  },
  {
    "rank": 136,
    "original": "Long Island, NY",
    "cleaned": "Long Island, NY",
    "count": 1,
    "is_junk": false,
    "zipcode": null,
    "geocoded": false,
    "type": "geocoded_insufficient"
  },
  {
    "rank": 137,
    "original": "979-303-205-901-304-217-979",
    "cleaned": "979-303-205-901-304-217-979",
    "count": 1,
    "is_junk": false,
    "zipcode": null,
    "geocoded": false,
    "type": "geocoding_failed"
  },
  {
    "rank": 138,
    "original": "Rome, NY",
    "cleaned": "Rome, NY",
    "count": 1,
    "is_junk": false,
    "zipcode": null,
    "standardized": "City of Rome, NY",
    "geocoded": true,
    "type": "geocoded_us"
  },
  {
    "rank": 139,
    "original": "Lancaster, PA",
    "cleaned": "Lancaster, PA",
    "count": 1,
    "is_junk": false,
    "zipcode": null,
    "standardized": "Lancaster, PA",
    "geocoded": true,
    "type": "geocoded_us"
  },
  {
    "rank": 140,
    "original": "Denton, TX",
    "cleaned": "Denton, TX",
    "count": 1,
    "is_junk": false,
    "zipcode": null,
    "standardized": "Denton County, TX",
    "geocoded": true,
    "type": "geocoded_us"
  },
  {
    "rank": 141,
    "original": "The Milky Way ",
    "cleaned": "The Milky Way",
    "count": 1,
    "is_junk": true,
    "zipcode": null
  },
  {
    "rank": 142,
    "original": "#BillsMafia",
    "cleaned": "#BillsMafia",
    "count": 1,
    "is_junk": false,
    "zipcode": null,
    "geocoded": false,
    "type": "geocoding_failed"
  },
  {
    "rank": 143,
    "original": "Panamá, Panamá",
    "cleaned": "Panamá, Panamá",
    "count": 1,
    "is_junk": false,
    "zipcode": null,
    "geocoded": false,
    "type": "geocoded_insufficient"
  },
  {
    "rank": 144,
    "original": "Georgia, USA",
    "cleaned": "Georgia, USA",
    "count": 1,
    "is_junk": false,
    "zipcode": null,
    "geocoded": false,
    "type": "geocoded_insufficient"
  },
  {
    "rank": 145,
    "original": "CT",
    "cleaned": "CT",
    "count": 1,
    "is_junk": false,
    "zipcode": null,
    "geocoded": false,
    "type": "geocoded_insufficient"
  },
  {
    "rank": 146,
    "original": "Carson,Ca",
    "cleaned": "Carson,Ca",
    "count": 1,
    "is_junk": false,
    "zipcode": null,
    "standardized": "Carson, CA",
    "geocoded": true,
    "type": "geocoded_us"
  },
  {
    "rank": 147,
    "original": "Myrtle Beach, SC",
    "cleaned": "Myrtle Beach, SC",
    "count": 1,
    "is_junk": false,
    "zipcode": null,
    "standardized": "Myrtle Beach, SC",
    "geocoded": true,
    "type": "geocoded_us"
  },
  {
    "rank": 148,
    "original": "St.John's",
    "cleaned": "St.John's",
    "count": 1,
    "is_junk": false,
    "zipcode": null,
    "standardized": "St. John's, Canada",
    "geocoded": true,
    "type": "geocoded_international"
  },
  {
    "rank": 149,
    "original": "Plumstead, Pa",
    "cleaned": "Plumstead, Pa",
    "count": 1,
    "is_junk": false,
    "zipcode": null,
    "standardized": "Plumstead Township, PA",
    "geocoded": true,
    "type": "geocoded_us"
  },
  {
    "rank": 150,
    "original": "Wilmington NC",
    "cleaned": "Wilmington NC",
    "count": 1,
    "is_junk": false,
    "zipcode": null,
    "standardized": "Wilmington, NC",
    "geocoded": true,
    "type": "geocoded_us"
  },
  {
    "rank": 151,
    "original": "Montgomery Village, MD",
    "cleaned": "Montgomery Village, MD",
    "count": 1,
    "is_junk": false,
    "zipcode": null,
    "standardized": "Whetstone, MD",
    "geocoded": true,
    "type": "geocoded_us"
  },
  {
    "rank": 152,
    "original": "Toronto",
    "cleaned": "Toronto",
    "count": 1,
    "is_junk": false,
    "zipcode": null,
    "standardized": "Toronto, Canada",
    "geocoded": true,
    "type": "geocoded_international"
  },
  {
    "rank": 153,
    "original": "Texas, USA",
    "cleaned": "Texas, USA",
    "count": 1,
    "is_junk": false,
    "zipcode": null,
    "geocoded": false,
    "type": "geocoded_insufficient"
  },
  {
    "rank": 154,
    "original": "Alabama, USA",
    "cleaned": "Alabama, USA",
    "count": 1,
    "is_junk": false,
    "zipcode": null,
    "geocoded": false,
    "type": "geocoded_insufficient"
  },
  {
    "rank": 155,
    "original": "Florida ",
    "cleaned": "Florida",
    "count": 1,
    "is_junk": false,
    "zipcode": null,
    "geocoded": false,
    "type": "geocoded_insufficient"
  },
  {
    "rank": 156,
    "original": "Yankees Stadium",
    "cleaned": "Yankees Stadium",
    "count": 1,
    "is_junk": false,
    "zipcode": null,
    "geocoded": false,
    "type": "geocoding_failed"
  },
  {
    "rank": 157,
    "original": "Ottawa, Ontario",
    "cleaned": "Ottawa, Ontario",
    "count": 1,
    "is_junk": false,
    "zipcode": null,
    "standardized": "Ottawa, Canada",
    "geocoded": true,
    "type": "geocoded_international"
  },
  {
    "rank": 158,
    "original": "The Queen & The Nickel",
    "cleaned": "The Queen & The Nickel",
    "count": 1,
    "is_junk": false,
    "zipcode": null,
    "geocoded": false,
    "type": "geocoding_failed"
  },
  {
    "rank": 159,
    "original": "somewhere in NC",
    "cleaned": "somewhere in NC",
    "count": 1,
    "is_junk": false,
    "zipcode": null,
    "standardized": "Saluda, NC",
    "geocoded": true,
    "type": "geocoded_us"
  },
  {
    "rank": 160,
    "original": "Aspiring Fashion Icon U",
    "cleaned": "Aspiring Fashion Icon U",
    "count": 1,
    "is_junk": false,
    "zipcode": null,
    "geocoded": false,
    "type": "geocoding_failed"
  },
  {
    "rank": 161,
    "original": "parts unknown",
    "cleaned": "parts unknown",
    "count": 1,
    "is_junk": false,
    "zipcode": null,
    "standardized": "Greensboro, NC",
    "geocoded": true,
    "type": "geocoded_us"
  },
  {
    "rank": 162,
    "original": "Olmsted Falls, OH",
    "cleaned": "Olmsted Falls, OH",
    "count": 1,
    "is_junk": false,
    "zipcode": null,
    "standardized": "Olmsted Falls, OH",
    "geocoded": true,
    "type": "geocoded_us"
  },
  {
    "rank": 163,
    "original": "World Golf Village, FL",
    "cleaned": "World Golf Village, FL",
    "count": 1,
    "is_junk": false,
    "zipcode": null,
    "standardized": "World Commerce Center, FL",
    "geocoded": true,
    "type": "geocoded_us"
  },
  {
    "rank": 164,
    "original": "shenandoah Valley, virginia ",
    "cleaned": "shenandoah Valley, virginia",
    "count": 1,
    "is_junk": false,
    "zipcode": null,
    "standardized": "Winchester, VA",
    "geocoded": true,
    "type": "geocoded_us"
  },
  {
    "rank": 165,
    "original": "Northern Virginia",
    "cleaned": "Northern Virginia",
    "count": 1,
    "is_junk": false,
    "zipcode": null,
    "standardized": "Alexandria, VA",
    "geocoded": true,
    "type": "geocoded_us"
  },
  {
    "rank": 166,
    "original": "Maryland/Florida ",
    "cleaned": "Maryland/Florida",
    "count": 1,
    "is_junk": false,
    "zipcode": null,
    "standardized": "Chevy Chase Section Three, MD",
    "geocoded": true,
    "type": "geocoded_us"
  },
  {
    "rank": 167,
    "original": "Glendale, AZ",
    "cleaned": "Glendale, AZ",
    "count": 1,
    "is_junk": false,
    "zipcode": null,
    "standardized": "Glendale, AZ",
    "geocoded": true,
    "type": "geocoded_us"
  },
  {
    "rank": 168,
    "original": "Tennessee, USA",
    "cleaned": "Tennessee, USA",
    "count": 1,
    "is_junk": false,
    "zipcode": null,
    "geocoded": false,
    "type": "geocoded_insufficient"
  },
  {
    "rank": 169,
    "original": "East TN",
    "cleaned": "East TN",
    "count": 1,
    "is_junk": false,
    "zipcode": null,
    "standardized": "Memphis, TN",
    "geocoded": true,
    "type": "geocoded_us"
  },
  {
    "rank": 170,
    "original": "Richmond, VA",
    "cleaned": "Richmond, VA",
    "count": 1,
    "is_junk": false,
    "zipcode": null,
    "standardized": "Richmond, VA",
    "geocoded": true,
    "type": "geocoded_us"
  },
  {
    "rank": 171,
    "original": "City of Good Neighbors",
    "cleaned": "City of Good Neighbors",
    "count": 1,
    "is_junk": false,
    "zipcode": null,
    "standardized": "New York, NY",
    "geocoded": true,
    "type": "geocoded_us"
  },
  {
    "rank": 172,
    "original": "Southport, NC",
    "cleaned": "Southport, NC",
    "count": 1,
    "is_junk": false,
    "zipcode": null,
    "standardized": "Southport, NC",
    "geocoded": true,
    "type": "geocoded_us"
  },
  {
    "rank": 173,
    "original": "A-T-L",
    "cleaned": "A-T-L",
    "count": 1,
    "is_junk": false,
    "zipcode": null,
    "standardized": "Montemor-o-Novo, Portugal",
    "geocoded": true,
    "type": "geocoded_international"
  },
  {
    "rank": 174,
    "original": "East Harlem, Manhattan",
    "cleaned": "East Harlem, Manhattan",
    "count": 1,
    "is_junk": false,
    "zipcode": null,
    "standardized": "New York, NY",
    "geocoded": true,
    "type": "geocoded_us"
  },
  {
    "rank": 175,
    "original": "Williamsville, NY",
    "cleaned": "Williamsville, NY",
    "count": 1,
    "is_junk": false,
    "zipcode": null,
    "standardized": "Village of Williamsville, NY",
    "geocoded": true,
    "type": "geocoded_us"
  },
  {
    "rank": 176,
    "original": "Ontario",
    "cleaned": "Ontario",
    "count": 1,
    "is_junk": false,
    "zipcode": null,
    "geocoded": false,
    "type": "geocoded_insufficient"
  },
  {
    "rank": 177,
    "original": "Westvale, NY",
    "cleaned": "Westvale, NY",
    "count": 1,
    "is_junk": false,
    "zipcode": null,
    "standardized": "Westvale, NY",
    "geocoded": true,
    "type": "geocoded_us"
  },
  {
    "rank": 178,
    "original": "Palestine, TX",
    "cleaned": "Palestine, TX",
    "count": 1,
    "is_junk": false,
    "zipcode": null,
    "standardized": "Palestine, TX",
    "geocoded": true,
    "type": "geocoded_us"
  },
  {
    "rank": 179,
    "original": "Somewhere in our camper",
    "cleaned": "Somewhere in our camper",
    "count": 1,
    "is_junk": false,
    "zipcode": null,
    "geocoded": false,
    "type": "geocoding_failed"
  },
  {
    "rank": 180,
    "original": "Texas",
    "cleaned": "Texas",
    "count": 1,
    "is_junk": false,
    "zipcode": null,
    "geocoded": false,
    "type": "geocoded_insufficient"
  },
  {
    "rank": 181,
    "original": "Jersey City, NJ",
    "cleaned": "Jersey City, NJ",
    "count": 1,
    "is_junk": false,
    "zipcode": null,
    "standardized": "Jersey City, NJ",
    "geocoded": true,
    "type": "geocoded_us"
  },
  {
    "rank": 182,
    "original": "In The Kitchen",
    "cleaned": "In The Kitchen",
    "count": 1,
    "is_junk": false,
    "zipcode": null,
    "standardized": "Pittsburgh, PA",
    "geocoded": true,
    "type": "geocoded_us"
  },
  {
    "rank": 183,
    "original": "21 / GA ",
    "cleaned": "21 / GA",
    "count": 1,
    "is_junk": false,
    "zipcode": null,
    "standardized": "Barbour County, VA",
    "geocoded": true,
    "type": "geocoded_us"
  },
  {
    "rank": 184,
    "original": "The Bluegrass State",
    "cleaned": "The Bluegrass State",
    "count": 1,
    "is_junk": true,
    "zipcode": null
  },
  {
    "rank": 185,
    "original": "LEXINGTON Kentucky ",
    "cleaned": "LEXINGTON Kentucky",
    "count": 1,
    "is_junk": false,
    "zipcode": null,
    "standardized": "Lexington, KY",
    "geocoded": true,
    "type": "geocoded_us"
  },
  {
    "rank": 186,
    "original": "Cedar Park, TX",
    "cleaned": "Cedar Park, TX",
    "count": 1,
    "is_junk": false,
    "zipcode": null,
    "standardized": "Cedar Park, TX",
    "geocoded": true,
    "type": "geocoded_us"
  },
  {
    "rank": 187,
    "original": "Clarence Center, NY",
    "cleaned": "Clarence Center, NY",
    "count": 1,
    "is_junk": false,
    "zipcode": null,
    "standardized": "Clarence Center, NY",
    "geocoded": true,
    "type": "geocoded_us"
  },
  {
    "rank": 188,
    "original": "Erie Pennsylvania",
    "cleaned": "Erie Pennsylvania",
    "count": 1,
    "is_junk": false,
    "zipcode": null,
    "standardized": "Erie, PA",
    "geocoded": true,
    "type": "geocoded_us"
  },
  {
    "rank": 189,
    "original": "Realville ",
    "cleaned": "Realville",
    "count": 1,
    "is_junk": false,
    "zipcode": null,
    "standardized": "Réalville, France",
    "geocoded": true,
    "type": "geocoded_international"
  },
  {
    "rank": 190,
    "original": "Bolingbrook, IL",
    "cleaned": "Bolingbrook, IL",
    "count": 1,
    "is_junk": false,
    "zipcode": null,
    "standardized": "Bolingbrook, IL",
    "geocoded": true,
    "type": "geocoded_us"
  },
  {
    "rank": 191,
    "original": "Planet Earth",
    "cleaned": "Planet Earth",
    "count": 1,
    "is_junk": false,
    "zipcode": null,
    "standardized": "Singapore, Singapore",
    "geocoded": true,
    "type": "geocoded_international"
  },
  {
    "rank": 192,
    "original": "Pennsylvania, USA",
    "cleaned": "Pennsylvania, USA",
    "count": 1,
    "is_junk": false,
    "zipcode": null,
    "geocoded": false,
    "type": "geocoded_insufficient"
  },
  {
    "rank": 193,
    "original": "Paradise, NV",
    "cleaned": "Paradise, NV",
    "count": 1,
    "is_junk": false,
    "zipcode": null,
    "standardized": "Las Vegas, NV",
    "geocoded": true,
    "type": "geocoded_us"
  },
  {
    "rank": 194,
    "original": "Boise, ID",
    "cleaned": "Boise, ID",
    "count": 1,
    "is_junk": false,
    "zipcode": null,
    "standardized": "Boise, ID",
    "geocoded": true,
    "type": "geocoded_us"
  },
  {
    "rank": 195,
    "original": "San Francisco Bay Area, CA",
    "cleaned": "San Francisco Bay Area, CA",
    "count": 1,
    "is_junk": false,
    "zipcode": null,
    "standardized": "San Francisco, CA",
    "geocoded": true,
    "type": "geocoded_us"
  },
  {
    "rank": 196,
    "original": "Red State hell",
    "cleaned": "Red State hell",
    "count": 1,
    "is_junk": false,
    "zipcode": null,
    "standardized": "New York, NY",
    "geocoded": true,
    "type": "geocoded_us"
  },
  {
    "rank": 197,
    "original": "Alaska",
    "cleaned": "Alaska",
    "count": 1,
    "is_junk": false,
    "zipcode": null,
    "geocoded": false,
    "type": "geocoded_insufficient"
  },
  {
    "rank": 198,
    "original": "Idaho",
    "cleaned": "Idaho",
    "count": 1,
    "is_junk": false,
    "zipcode": null,
    "geocoded": false,
    "type": "geocoded_insufficient"
  },
  {
    "rank": 199,
    "original": "On this Earth ",
    "cleaned": "On this Earth",
    "count": 1,
    "is_junk": false,
    "zipcode": null,
    "geocoded": false,
    "type": "geocoding_failed"
  },
  {
    "rank": 200,
    "original": "Nashville, TN",
    "cleaned": "Nashville, TN",
    "count": 1,
    "is_junk": false,
    "zipcode": null,
    "standardized": "Nashville, TN",
    "geocoded": true,
    "type": "geocoded_us"
  },
  {
    "rank": 201,
    "original": "Southern Illinois",
    "cleaned": "Southern Illinois",
    "count": 1,
    "is_junk": false,
    "zipcode": null,
    "standardized": "Southern Pines, NC",
    "geocoded": true,
    "type": "geocoded_us"
  },
  {
    "rank": 202,
    "original": "Keuka Lake/Rochester",
    "cleaned": "Keuka Lake/Rochester",
    "count": 1,
    "is_junk": false,
    "zipcode": null,
    "geocoded": false,
    "type": "geocoding_failed"
  },
  {
    "rank": 203,
    "original": "ÜT: 42.745931,-78.734771",
    "cleaned": "ÜT: 42.745931,-78.734771",
    "count": 1,
    "is_junk": false,
    "zipcode": null,
    "geocoded": false,
    "type": "geocoding_failed"
  },
  {
    "rank": 204,
    "original": "Logan #Utah #USA",
    "cleaned": "Logan #Utah #USA",
    "count": 1,
    "is_junk": false,
    "zipcode": null,
    "standardized": "Logan, UT",
    "geocoded": true,
    "type": "geocoded_us"
  },
  {
    "rank": 205,
    "original": "Upper Midwest ",
    "cleaned": "Upper Midwest",
    "count": 1,
    "is_junk": false,
    "zipcode": null,
    "standardized": "Mesa County, CO",
    "geocoded": true,
    "type": "geocoded_us"
  },
  {
    "rank": 206,
    "original": "Richmond, KY",
    "cleaned": "Richmond, KY",
    "count": 1,
    "is_junk": false,
    "zipcode": null,
    "standardized": "Richmond, KY",
    "geocoded": true,
    "type": "geocoded_us"
  },
  {
    "rank": 207,
    "original": "Connecticut, USA",
    "cleaned": "Connecticut, USA",
    "count": 1,
    "is_junk": false,
    "zipcode": null,
    "geocoded": false,
    "type": "geocoded_insufficient"
  },
  {
    "rank": 208,
    "original": "Sierra Madre, CA",
    "cleaned": "Sierra Madre, CA",
    "count": 1,
    "is_junk": false,
    "zipcode": null,
    "standardized": "Sierra Madre, CA",
    "geocoded": true,
    "type": "geocoded_us"
  },
  {
    "rank": 209,
    "original": "Iowa, USA",
    "cleaned": "Iowa, USA",
    "count": 1,
    "is_junk": false,
    "zipcode": null,
    "geocoded": false,
    "type": "geocoded_insufficient"
  },
  {
    "rank": 210,
    "original": "Skokie, IL",
    "cleaned": "Skokie, IL",
    "count": 1,
    "is_junk": false,
    "zipcode": null,
    "standardized": "Skokie, IL",
    "geocoded": true,
    "type": "geocoded_us"
  },
  {
    "rank": 211,
    "original": "Lexington KY",
    "cleaned": "Lexington KY",
    "count": 1,
    "is_junk": false,
    "zipcode": null,
    "standardized": "Lexington, KY",
    "geocoded": true,
    "type": "geocoded_us"
  },
  {
    "rank": 212,
    "original": "🦬",
    "cleaned": "",
    "count": 1,
    "is_junk": true,
    "zipcode": null
  },
  {
    "rank": 213,
    "original": "Lexvegas #BBN ",
    "cleaned": "Lexvegas #BBN",
    "count": 1,
    "is_junk": false,
    "zipcode": null,
    "geocoded": false,
    "type": "geocoding_failed"
  },
  {
    "rank": 214,
    "original": "ÜT: 36.005774,-84.046522",
    "cleaned": "ÜT: 36.005774,-84.046522",
    "count": 1,
    "is_junk": false,
    "zipcode": null,
    "geocoded": false,
    "type": "geocoding_failed"
  },
  {
    "rank": 215,
    "original": "Columbus, NE",
    "cleaned": "Columbus, NE",
    "count": 1,
    "is_junk": false,
    "zipcode": null,
    "standardized": "Columbus, NE",
    "geocoded": true,
    "type": "geocoded_us"
  },
  {
    "rank": 216,
    "original": "Angola on the Lake, NY",
    "cleaned": "Angola on the Lake, NY",
    "count": 1,
    "is_junk": false,
    "zipcode": null,
    "standardized": "Lake Erie Beach, NY",
    "geocoded": true,
    "type": "geocoded_us"
  },
  {
    "rank": 217,
    "original": "SE Kentucky",
    "cleaned": "SE Kentucky",
    "count": 1,
    "is_junk": false,
    "zipcode": null,
    "standardized": "Saline County, AR",
    "geocoded": true,
    "type": "geocoded_us"
  },
  {
    "rank": 218,
    "original": "The birthplace of Abe Lincoln",
    "cleaned": "The birthplace of Abe Lincoln",
    "count": 1,
    "is_junk": false,
    "zipcode": null,
    "geocoded": false,
    "type": "geocoding_failed"
  },
  {
    "rank": 219,
    "original": "Ft. Collins, CO",
    "cleaned": "Ft. Collins, CO",
    "count": 1,
    "is_junk": false,
    "zipcode": null,
    "standardized": "Fort Collins, CO",
    "geocoded": true,
    "type": "geocoded_us"
  },
  {
    "rank": 220,
    "original": "Winchester, KY",
    "cleaned": "Winchester, KY",
    "count": 1,
    "is_junk": false,
    "zipcode": null,
    "standardized": "Winchester, KY",
    "geocoded": true,
    "type": "geocoded_us"
  },
  {
    "rank": 221,
    "original": "Spencerport, NY",
    "cleaned": "Spencerport, NY",
    "count": 1,
    "is_junk": false,
    "zipcode": null,
    "standardized": "Village of Spencerport, NY",
    "geocoded": true,
    "type": "geocoded_us"
  },
  {
    "rank": 222,
    "original": "Arkansas, USA",
    "cleaned": "Arkansas, USA",
    "count": 1,
    "is_junk": false,
    "zipcode": null,
    "geocoded": false,
    "type": "geocoded_insufficient"
  },
  {
    "rank": 223,
    "original": "Pa",
    "cleaned": "Pa",
    "count": 1,
    "is_junk": false,
    "zipcode": null,
    "geocoded": false,
    "type": "geocoded_insufficient"
  },
  {
    "rank": 224,
    "original": "San Francisco",
    "cleaned": "San Francisco",
    "count": 1,
    "is_junk": false,
    "zipcode": null,
    "standardized": "San Francisco, CA",
    "geocoded": true,
    "type": "geocoded_us"
  },
  {
    "rank": 225,
    "original": "North Carolina, USA",
    "cleaned": "North Carolina, USA",
    "count": 1,
    "is_junk": false,
    "zipcode": null,
    "geocoded": false,
    "type": "geocoded_insufficient"
  },
  {
    "rank": 226,
    "original": "Maryland",
    "cleaned": "Maryland",
    "count": 1,
    "is_junk": false,
    "zipcode": null,
    "geocoded": false,
    "type": "geocoded_insufficient"
  },
  {
    "rank": 227,
    "original": "Somerset, Ky.",
    "cleaned": "Somerset, Ky.",
    "count": 1,
    "is_junk": false,
    "zipcode": null,
    "standardized": "Somerset, KY",
    "geocoded": true,
    "type": "geocoded_us"
  },
  {
    "rank": 228,
    "original": "St. Louis, MO ",
    "cleaned": "St. Louis, MO",
    "count": 1,
    "is_junk": false,
    "zipcode": null,
    "standardized": "Saint Louis, MO",
    "geocoded": true,
    "type": "geocoded_us"
  },
  {
    "rank": 229,
    "original": "Knoxville, TN",
    "cleaned": "Knoxville, TN",
    "count": 1,
    "is_junk": false,
    "zipcode": null,
    "standardized": "Knoxville, TN",
    "geocoded": true,
    "type": "geocoded_us"
  },
  {
    "rank": 230,
    "original": "Kent, OH",
    "cleaned": "Kent, OH",
    "count": 1,
    "is_junk": false,
    "zipcode": null,
    "standardized": "Kent, OH",
    "geocoded": true,
    "type": "geocoded_us"
  },
  {
    "rank": 231,
    "original": "Monroe, Michigan ",
    "cleaned": "Monroe, Michigan",
    "count": 1,
    "is_junk": false,
    "zipcode": null,
    "standardized": "Monroe County, MI",
    "geocoded": true,
    "type": "geocoded_us"
  },
  {
    "rank": 232,
    "original": "St Louis, MO",
    "cleaned": "St Louis, MO",
    "count": 1,
    "is_junk": false,
    "zipcode": null,
    "standardized": "Saint Louis, MO",
    "geocoded": true,
    "type": "geocoded_us"
  },
  {
    "rank": 233,
    "original": "Lexington, Ky.",
    "cleaned": "Lexington, Ky.",
    "count": 1,
    "is_junk": false,
    "zipcode": null,
    "standardized": "Lexington, KY",
    "geocoded": true,
    "type": "geocoded_us"
  },
  {
    "rank": 234,
    "original": "LEX",
    "cleaned": "LEX",
    "count": 1,
    "is_junk": false,
    "zipcode": null,
    "standardized": "McDowell County, VA",
    "geocoded": true,
    "type": "geocoded_us"
  },
  {
    "rank": 235,
    "original": "Torture Town",
    "cleaned": "Torture Town",
    "count": 1,
    "is_junk": false,
    "zipcode": null,
    "standardized": "Praha, Česko",
    "geocoded": true,
    "type": "geocoded_international"
  },
  {
    "rank": 236,
    "original": "Cincinnati, OH",
    "cleaned": "Cincinnati, OH",
    "count": 1,
    "is_junk": false,
    "zipcode": null,
    "standardized": "Cincinnati, OH",
    "geocoded": true,
    "type": "geocoded_us"
  },
  {
    "rank": 237,
    "original": "Town Bidness, Antarctica",
    "cleaned": "Town Bidness, Antarctica",
    "count": 1,
    "is_junk": false,
    "zipcode": null,
    "geocoded": false,
    "type": "geocoding_failed"
  },
  {
    "rank": 238,
    "original": "Louisville Kentucky",
    "cleaned": "Louisville Kentucky",
    "count": 1,
    "is_junk": false,
    "zipcode": null,
    "standardized": "Louisville, KY",
    "geocoded": true,
    "type": "geocoded_us"
  },
  {
    "rank": 239,
    "original": "ÜT: 38.232813,-85.687023",
    "cleaned": "ÜT: 38.232813,-85.687023",
    "count": 1,
    "is_junk": false,
    "zipcode": null,
    "geocoded": false,
    "type": "geocoding_failed"
  },
  {
    "rank": 240,
    "original": "Louisville, Kentucky",
    "cleaned": "Louisville, Kentucky",
    "count": 1,
    "is_junk": false,
    "zipcode": null,
    "standardized": "Louisville, KY",
    "geocoded": true,
    "type": "geocoded_us"
  },
  {
    "rank": 241,
    "original": "The Situation Room ",
    "cleaned": "The Situation Room",
    "count": 1,
    "is_junk": false,
    "zipcode": null,
    "geocoded": false,
    "type": "geocoding_failed"
  },
  {
    "rank": 242,
    "original": "Atlanta",
    "cleaned": "Atlanta",
    "count": 1,
    "is_junk": false,
    "zipcode": null,
    "standardized": "Atlanta, GA",
    "geocoded": true,
    "type": "geocoded_us"
  },
  {
    "rank": 243,
    "original": "Scituate, MA",
    "cleaned": "Scituate, MA",
    "count": 1,
    "is_junk": false,
    "zipcode": null,
    "standardized": "Scituate, MA",
    "geocoded": true,
    "type": "geocoded_us"
  },
  {
    "rank": 244,
    "original": "Winnipeg, Manitoba",
    "cleaned": "Winnipeg, Manitoba",
    "count": 1,
    "is_junk": false,
    "zipcode": null,
    "standardized": "Winnipeg, Canada",
    "geocoded": true,
    "type": "geocoded_international"
  },
  {
    "rank": 245,
    "original": "Binghamton, NY",
    "cleaned": "Binghamton, NY",
    "count": 1,
    "is_junk": false,
    "zipcode": null,
    "standardized": "City of Binghamton, NY",
    "geocoded": true,
    "type": "geocoded_us"
  },
  {
    "rank": 246,
    "original": "Parts Unknown",
    "cleaned": "Parts Unknown",
    "count": 1,
    "is_junk": false,
    "zipcode": null,
    "standardized": "Greensboro, NC",
    "geocoded": true,
    "type": "geocoded_us"
  },
  {
    "rank": 247,
    "original": "Orlando, FL",
    "cleaned": "Orlando, FL",
    "count": 1,
    "is_junk": false,
    "zipcode": null,
    "standardized": "Orlando, FL",
    "geocoded": true,
    "type": "geocoded_us"
  },
  {
    "rank": 248,
    "original": "DC, USA",
    "cleaned": "DC, USA",
    "count": 1,
    "is_junk": false,
    "zipcode": null,
    "geocoded": false,
    "type": "geocoded_insufficient"
  },
  {
    "rank": 249,
    "original": "Houston",
    "cleaned": "Houston",
    "count": 1,
    "is_junk": false,
    "zipcode": null,
    "standardized": "Houston, TX",
    "geocoded": true,
    "type": "geocoded_us"
  },
  {
    "rank": 250,
    "original": "Camp Anawanna",
    "cleaned": "Camp Anawanna",
    "count": 1,
    "is_junk": false,
    "zipcode": null,
    "geocoded": false,
    "type": "geocoding_failed"
  },
  {
    "rank": 251,
    "original": "Chicago",
    "cleaned": "Chicago",
    "count": 1,
    "is_junk": false,
    "zipcode": null,
    "standardized": "Chicago, IL",
    "geocoded": true,
    "type": "geocoded_us"
  },
  {
    "rank": 252,
    "original": "Missouri, USA",
    "cleaned": "Missouri, USA",
    "count": 1,
    "is_junk": false,
    "zipcode": null,
    "geocoded": false,
    "type": "geocoded_insufficient"
  },
  {
    "rank": 253,
    "original": "📺 6:30 p.m. ET",
    "cleaned": "6:30 p.m. ET",
    "count": 1,
    "is_junk": false,
    "zipcode": null,
    "standardized": "الطيبة, ישראל",
    "geocoded": true,
    "type": "geocoded_international"
  },
  {
    "rank": 254,
    "original": "Across the U.S.",
    "cleaned": "Across the U.S.",
    "count": 1,
    "is_junk": false,
    "zipcode": null,
    "standardized": "Caswell, ME",
    "geocoded": true,
    "type": "geocoded_us"
  },
  {
    "rank": 255,
    "original": "Having a falling out w/snow!",
    "cleaned": "Having a falling out w/snow!",
    "count": 1,
    "is_junk": false,
    "zipcode": null,
    "geocoded": false,
    "type": "geocoding_failed"
  },
  {
    "rank": 256,
    "original": "Bills Country",
    "cleaned": "Bills Country",
    "count": 1,
    "is_junk": false,
    "zipcode": null,
    "geocoded": false,
    "type": "geocoding_failed"
  },
  {
    "rank": 257,
    "original": "Oregon, USA",
    "cleaned": "Oregon, USA",
    "count": 1,
    "is_junk": false,
    "zipcode": null,
    "geocoded": false,
    "type": "geocoded_insufficient"
  },
  {
    "rank": 258,
    "original": "Brisbane, Australia",
    "cleaned": "Brisbane, Australia",
    "count": 1,
    "is_junk": false,
    "zipcode": null,
    "geocoded": false,
    "type": "geocoded_insufficient"
  },
  {
    "rank": 259,
    "original": "Cuyahoga Falls, OH",
    "cleaned": "Cuyahoga Falls, OH",
    "count": 1,
    "is_junk": false,
    "zipcode": null,
    "standardized": "Cuyahoga Falls, OH",
    "geocoded": true,
    "type": "geocoded_us"
  },
  {
    "rank": 260,
    "original": "Westchester",
    "cleaned": "Westchester",
    "count": 1,
    "is_junk": false,
    "zipcode": null,
    "standardized": "Westchester County, NY",
    "geocoded": true,
    "type": "geocoded_us"
  },
  {
    "rank": 261,
    "original": "Irving, TX",
    "cleaned": "Irving, TX",
    "count": 1,
    "is_junk": false,
    "zipcode": null,
    "standardized": "Irving, TX",
    "geocoded": true,
    "type": "geocoded_us"
  },
  {
    "rank": 262,
    "original": "Lackawanna, NY",
    "cleaned": "Lackawanna, NY",
    "count": 1,
    "is_junk": false,
    "zipcode": null,
    "standardized": "City of Lackawanna, NY",
    "geocoded": true,
    "type": "geocoded_us"
  },
  {
    "rank": 263,
    "original": "The Great State of TENNESSEE",
    "cleaned": "The Great State of TENNESSEE",
    "count": 1,
    "is_junk": false,
    "zipcode": null,
    "geocoded": false,
    "type": "geocoding_failed"
  },
  {
    "rank": 264,
    "original": "U.S.A. ",
    "cleaned": "U.S.A.",
    "count": 1,
    "is_junk": false,
    "zipcode": null,
    "standardized": "Imus, Philippines",
    "geocoded": true,
    "type": "geocoded_international"
  }
]